Hours_Studied,Attendance,Sleep_Hours,Assignment_Score,Final_Score,Predicted_score
4,85,6,70,65,65.10434604
6,90,7,80,75,75.54037708
5,78,5,65,60,61.39427732000001
7,92,8,85,80,80.56513422
3,70,6,60,55,54.90322098000001
8,95,7,88,85,84.46798465999998
2,65,5,55,50,49.861884700000004
6,88,6,75,72,71.1867801
5,80,6,68,65,63.85846046000001
7,93,7,82,78,78.11753021999999
